Var1,Var2,Correlation
RAD,TAX,0.9281946951965152
NOX,INDUS,0.7850926364144492
NOX,AGE,0.7424491388404325
RM,PRICE,0.6962219579508494
TAX,NOX,0.6929347040067035
TAX,INDUS,0.6867970535247782
INDUS,AGE,0.6589187245088983
ZN,DIS,0.6574292004892466
RAD,CRIM,0.6526685155927228
RAD,NOX,0.6397841302495577
TAX,CRIM,0.6223982465002682
LSTAT,INDUS,0.6149334679711439
AGE,LSTAT,0.6092026691886996
NOX,LSTAT,0.5991026883813497
INDUS,RAD,0.598652133746459
TAX,LSTAT,0.5581389529232844
TAX,AGE,0.5266426490723621
RAD,LSTAT,0.5237386620544497
AGE,RAD,0.4913260717672592
LSTAT,CRIM,0.46629485904342155
RAD,PTRATIO,0.45746096821140403
PTRATIO,TAX,0.4333845336821038
CRIM,INDUS,0.4276854426565389
NOX,CRIM,0.42765133317980175
PTRATIO,LSTAT,0.3784498253777029
CRIM,AGE,0.35903092321965807
PRICE,ZN,0.3522776507225676
B,PRICE,0.3470069325351483
PTRATIO,INDUS,0.3443814845303755
DIS,B,0.3123669412589819
ZN,RM,0.308332885544137
PTRATIO,CRIM,0.2970413453489911
PTRATIO,AGE,0.2489941980476799
PRICE,DIS,0.2324128153784613
DIS,RM,0.19396942087825209
ZN,B,0.1907126447971514
PTRATIO,NOX,0.16549556012558725
B,RM,0.13534279876315178
B,PTRATIO,-0.2008918341948402
DIS,PTRATIO,-0.20093843161307787
CRIM,ZN,-0.20261552501438096
CRIM,RM,-0.2268222742241888
RAD,RM,-0.2277085312543014
RM,AGE,-0.2466646868772177
AGE,B,-0.2832941216537366
RM,TAX,-0.2911091354619259
ZN,TAX,-0.29454039814378324
RM,NOX,-0.3029233164979609
ZN,RAD,-0.3050727395392353
PTRATIO,RM,-0.35831289949227174
AGE,PRICE,-0.36533155598895434
ZN,PTRATIO,-0.37004647843463684
LSTAT,B,-0.37503583278540337
DIS,CRIM,-0.38940159991226153
INDUS,RM,-0.3935709549579477
B,NOX,-0.3952178654193233
CRIM,B,-0.39676772267553256
CRIM,PRICE,-0.3972610130578282
B,INDUS,-0.3984925407943114
RAD,PRICE,-0.4049683979040113
LSTAT,ZN,-0.4149553356553653
NOX,PRICE,-0.4227011234016503
PRICE,TAX,-0.47456943046493133
PRICE,INDUS,-0.47640228579319904
LSTAT,DIS,-0.4964311469732243
B,RAD,-0.501840497222505
PTRATIO,PRICE,-0.5034401011700085
TAX,B,-0.5065075105359892
ZN,NOX,-0.5110101400955358
DIS,RAD,-0.524053089947617
ZN,INDUS,-0.5312404406676362
DIS,TAX,-0.5427153844704812
ZN,AGE,-0.575650915716236
LSTAT,RM,-0.6085628350604955
INDUS,DIS,-0.7162992112560207
PRICE,LSTAT,-0.7382135909015751
DIS,AGE,-0.7539335440383126
NOX,DIS,-0.7708996337466343
